instance_id,instance_local_id,class_id,class_name,centroid_x_px,centroid_y_px,bbox_xmin_px,bbox_ymin_px,bbox_xmax_px,bbox_ymax_px,bbox_w_px,bbox_h_px,area_px,world_x_m,world_y_m,world_z_m,geo3d_source,xyz_valid,mesh_ray_hit,mesh_face_index,mesh_ray_t_m,mesh_ray_backend,xyz_miss_reason,image_pixel_x,image_pixel_y,instance_mesh_sample_count,instance_mesh_hit_count,instance_mesh_hit_ratio,instance_mesh_unique_face_count,instance_mesh_ray_t_min_m,instance_mesh_ray_t_max_m,node_count,node_xyz_valid_count,node_xyz_hit_ratio,nodes_image_xy_json,nodes_world_xyz_json,nodes_geo3d_source,nodes_miss_reason
1,1,1,CRC,1853.875,222.7292,1851,219,1858,228,7,9,48,243042.8282795,431263.51599121,86.46354675,dji_pose_mesh_ray_centroid,True,True,1113392,4.018645,warp,,1853.875,222.7292,1,1,1.0,1,4.018645,4.018645,7,7,1.0,"[[1857.0,223.5],[1856.5,224.0],[1856.5,225.0],[1856.0,225.5],[1855.5,226.0],[1855.0,226.5],[1854.5,227.0]]","[[243042.82833481,431263.51259613,86.46229744],[243042.82771111,431263.51276398,86.46156883],[243042.82672691,431263.51216125,86.46008015],[243042.82610512,431263.51233673,86.45935249],[243042.82548332,431263.51250458,86.45862389],[243042.82486153,431263.51267242,86.45789623],[243042.82424164,431263.51284027,86.45716953]]",dji_pose_mesh_ray_contour_nodes,
2,2,1,CRC,1842.2706,261.1529,1836,255,1848,267,12,12,85,243042.78789902,431263.50393677,86.40731716,dji_pose_mesh_ray_centroid,True,True,1113392,3.958259,warp,,1842.2706,261.1529,1,1,1.0,1,3.958259,3.958259,19,19,1.0,"[[1836.0,264.5],[1836.5,264.0],[1836.5,263.0],[1837.0,262.5],[1837.5,262.0],[1837.5,261.0],[1838.0,260.5],[1839.0,260.5],[1839.5,260.0],[1840.0,259.5],[1840.5,259.0],[1840.5,258.0],[1841.0,257.5],[1841.5,257.0],[1842.0,256.5],[1842.5,256.0],[1843.0,255.5],[1844.0,255.5],[1844.5,255.0]]","[[243042.78307152,431263.50777435,86.40264225],[243042.78367805,431263.50760651,86.40335369],[243042.78463745,431263.5082016,86.40480709],[243042.7852459,431263.50803375,86.40551853],[243042.78585434,431263.50786591,86.40623093],[243042.78681564,431263.50845337,86.40768623],[243042.78742409,431263.50828552,86.40839863],[243042.78768158,431263.50735474,86.40836811],[243042.78829193,431263.50718689,86.4090805],[243042.78890228,431263.50701904,86.40979385],[243042.78951073,431263.5068512,86.4105072],[243042.79047394,431263.50744629,86.41196537],[243042.79108429,431263.50727844,86.41267872],[243042.79169464,431263.50710297,86.41339302],[243042.79230499,431263.50693512,86.41410732],[243042.79291534,431263.50676727,86.41482162],[243042.7935276,431263.50659943,86.41553688],[243042.7937851,431263.50566864,86.41550541],[243042.79439735,431263.50550079,86.41622066]]",dji_pose_mesh_ray_contour_nodes,
3,3,1,CRC,1828.8571,291.7143,1828,289,1830,295,2,6,7,243042.75135803,431263.49589539,86.36155987,dji_pose_mesh_ray_centroid,True,True,286090,3.907356,warp,,1828.8571,291.7143,1,1,1.0,1,3.907356,3.907356,5,5,1.0,"[[1828.0,292.5],[1828.5,292.0],[1828.5,291.0],[1828.5,290.0],[1828.5,289.0]]","[[243042.75002289,431263.49599457,86.36026859],[243042.7508564,431263.49597168,86.36108971],[243042.75216675,431263.4967804,86.36270809],[243042.7534771,431263.49759674,86.36432934],[243042.75478935,431263.49840546,86.36595154]]",dji_pose_mesh_ray_contour_nodes,
4,4,1,CRC,1806.0296,354.3333,1789,329,1824,383,35,54,507,243042.70137405,431263.48917389,86.28135204,dji_pose_mesh_ray_centroid,True,True,286079,3.833262,warp,,1806.0296,354.3333,1,1,1.0,1,3.833262,3.833262,89,89,1.0,"[[1823.0,329.5],[1822.5,330.0],[1822.5,331.0],[1822.0,331.5],[1821.5,332.0],[1821.0,332.5],[1820.5,333.0],[1820.5,334.0],[1820.5,335.0],[1820.5,336.0],[1820.0,336.5],[1819.5,337.0],[1819.5,338.0],[1820.0,338.5],[1820.5,339.0],[1820.5,340.0],[1820.5,341.0],[1820.0,341.5],[1819.5,342.0],[1819.5,343.0],[1819.0,343.5],[1818.5,344.0],[1818.5,345.0],[1818.0,345.5],[1817.5,346.0],[1817.0,346.5],[1816.0,346.5],[1815.5,347.0],[1815.5,348.0],[1815.0,348.5],[1814.5,349.0],[1814.0,349.5],[1813.5,350.0],[1813.0,350.5],[1812.5,351.0],[1812.0,351.5],[1811.5,352.0],[1811.5,353.0],[1811.0,353.5],[1810.5,354.0],[1810.5,355.0],[1810.0,355.5],[1809.5,356.0],[1809.5,357.0],[1809.5,358.0],[1809.0,358.5],[1808.5,359.0],[1808.0,359.5],[1807.5,360.0],[1807.0,360.5],[1806.0,360.5],[1805.0,360.5],[1804.5,361.0],[1804.5,362.0],[1804.5,363.0],[1804.5,364.0],[1804.5,365.0],[1805.0,365.5],[1805.5,366.0],[1805.5,367.0],[1805.5,368.0],[1805.5,369.0],[1805.5,370.0],[1805.0,370.5],[1804.0,370.5],[1803.5,371.0],[1803.0,371.5],[1802.0,371.5],[1801.5,372.0],[1801.0,372.5],[1800.5,373.0],[1800.0,373.5],[1799.5,374.0],[1799.0,374.5],[1798.5,375.0],[1798.0,375.5],[1797.5,376.0],[1797.5,377.0],[1797.5,378.0],[1797.0,378.5],[1796.5,379.0],[1796.0,379.5],[1795.5,380.0],[1795.0,380.5],[1794.0,380.5],[1793.0,380.5],[1792.5,381.0],[1792.0,381.5],[1791.5,382.0]]","[[243042.72358894,431263.4849472,86.31294155],[243042.72306061,431263.4851532,86.31228733],[243042.72249985,431263.48480225,86.31107235],[243042.72197151,431263.48500824,86.31041908],[243042.72144318,431263.48521423,86.30976486],[243042.72091675,431263.48542023,86.30911159],[243042.72038841,431263.48562622,86.30845737],[243042.71982765,431263.48527527,86.3072443],[243042.7192688,431263.48493195,86.30603218],[243042.71870804,431263.48458099,86.30482006],[243042.71818161,431263.48478699,86.30416775],[243042.71765518,431263.48499298,86.30351448],[243042.71709442,431263.48464203,86.30230331],[243042.717062,431263.48408508,86.30174446],[243042.71702957,431263.48353577,86.30118561],[243042.71646881,431263.48318481,86.29997539],[243042.71584702,431263.48279572,86.29873371],[243042.7153511,431263.4830246,86.29809761],[243042.7148571,431263.48324585,86.29746151],[243042.71402168,431263.48272705,86.29611301],[243042.71352768,431263.48295593,86.29547882],[243042.71303177,431263.48317719,86.29484367],[243042.71219826,431263.48265839,86.29349613],[243042.71170425,431263.48287964,86.29286194],[243042.71120834,431263.48310852,86.29222679],[243042.71071434,431263.48332977,86.2915926],[243042.71055794,431263.48429871,86.29166985],[243042.71006393,431263.48452759,86.29103565],[243042.70923233,431263.48400116,86.28969097],[243042.70873833,431263.48423004,86.28905678],[243042.70824432,431263.48445129,86.28842354],[243042.70775032,431263.48468018,86.28778934],[243042.70725632,431263.48490143,86.2871561],[243042.70676231,431263.48512268,86.28652286],[243042.70627022,431263.48535156,86.28589058],[243042.70577621,431263.48557281,86.28525734],[243042.70528412,431263.48579407,86.28462505],[243042.70445251,431263.48527527,86.28328323],[243042.70396042,431263.48550415,86.28265095],[243042.70346642,431263.4857254,86.28201866],[243042.70263863,431263.4852066,86.28067875],[243042.70214653,431263.48542786,86.28004646],[243042.70165443,431263.48564911,86.27941513],[243042.70082664,431263.48513031,86.27807617],[243042.69999695,431263.48461151,86.27673817],[243042.69950676,431263.48484039,86.27610779],[243042.69901466,431263.48506165,86.27547741],[243042.69852257,431263.4852829,86.27484608],[243042.69803238,431263.48551178,86.27421665],[243042.69754028,431263.48573303,86.27358627],[243042.69738388,431263.48669434,86.27366257],[243042.69722748,431263.48766327,86.27373791],[243042.69673729,431263.48788452,86.27310848],[243042.69591141,431263.48736572,86.27177238],[243042.69508553,431263.48684692,86.27043724],[243042.69426155,431263.48632812,86.269104],[243042.69343567,431263.48580933,86.26776981],[243042.69310188,431263.48506927,86.267066],[243042.6927681,431263.48432922,86.26636219],[243042.69194412,431263.48381042,86.26502991],[243042.69112206,431263.48329926,86.26369858],[243042.69029999,431263.48278046,86.26236916],[243042.68947601,431263.48226166,86.26103878],[243042.68898773,431263.48249054,86.26041222],[243042.68883133,431263.48345184,86.26048756],[243042.68834305,431263.4836731,86.25986004],[243042.68785477,431263.48389435,86.25923347],[243042.68769836,431263.48485565,86.25930881],[243042.68721008,431263.48508453,86.25868225],[243042.68671989,431263.48530579,86.25805569],[243042.68623161,431263.48552704,86.25742912],[243042.68574333,431263.48574829,86.25680256],[243042.68525505,431263.48596954,86.25617695],[243042.68476868,431263.4861908,86.25555134],[243042.68427849,431263.48641968,86.25492477],[243042.68379211,431263.48664093,86.25429916],[243042.68330383,431263.48686218,86.25367355],[243042.68248367,431263.48634338,86.25234795],[243042.68166542,431263.48583221,86.25102425],[243042.68117905,431263.48605347,86.25039959],[243042.68069267,431263.48627472,86.24977493],[243042.68020439,431263.48649597,86.24915028],[243042.67971802,431263.48671722,86.24852657],[243042.67923164,431263.48693848,86.24790192],[243042.67907524,431263.48789978,86.2479763],[243042.67891884,431263.48886108,86.24805069],[243042.67843246,431263.48908234,86.24742699],[243042.67794609,431263.48930359,86.24680233],[243042.67745972,431263.48952484,86.24617863]]",dji_pose_mesh_ray_contour_nodes,
5,5,1,CRC,2625.3317,659.8075,2570,649,2688,674,118,25,1221,243042.6718483,431262.67431641,85.89297771,dji_pose_mesh_ray_centroid,True,True,1113236,3.333362,warp,,2625.3317,659.8075,1,1,1.0,1,3.333362,3.333362,131,131,1.0,"[[2687.0,657.5],[2686.5,658.0],[2686.0,658.5],[2685.5,659.0],[2685.0,659.5],[2684.5,660.0],[2684.0,660.5],[2683.0,660.5],[2682.0,660.5],[2681.5,661.0],[2681.0,661.5],[2680.0,661.5],[2679.0,661.5],[2678.0,661.5],[2677.0,661.5],[2676.0,661.5],[2675.0,661.5],[2674.0,661.5],[2673.5,661.0],[2673.0,660.5],[2672.0,660.5],[2671.0,660.5],[2670.5,660.0],[2670.0,659.5],[2669.0,659.5],[2668.5,659.0],[2668.0,658.5],[2667.0,658.5],[2666.0,658.5],[2665.0,658.5],[2664.0,658.5],[2663.0,658.5],[2662.0,658.5],[2661.0,658.5],[2660.0,658.5],[2659.0,658.5],[2658.0,658.5],[2657.5,659.0],[2657.0,659.5],[2656.0,659.5],[2655.0,659.5],[2654.0,659.5],[2653.0,659.5],[2652.0,659.5],[2651.0,659.5],[2650.0,659.5],[2649.0,659.5],[2648.5,660.0],[2648.0,660.5],[2647.0,660.5],[2646.0,660.5],[2645.0,660.5],[2644.0,660.5],[2643.0,660.5],[2642.0,660.5],[2641.0,660.5],[2640.0,660.5],[2639.0,660.5],[2638.0,660.5],[2637.0,660.5],[2636.5,661.0],[2636.0,661.5],[2635.0,661.5],[2634.0,661.5],[2633.5,662.0],[2633.0,662.5],[2632.0,662.5],[2631.0,662.5],[2630.5,663.0],[2630.0,663.5],[2629.0,663.5],[2628.0,663.5],[2627.5,664.0],[2627.0,664.5],[2626.0,664.5],[2625.0,664.5],[2624.0,664.5],[2623.5,665.0],[2623.0,665.5],[2622.0,665.5],[2621.0,665.5],[2620.0,665.5],[2619.5,666.0],[2619.0,666.5],[2618.0,666.5],[2617.0,666.5],[2616.5,667.0],[2616.0,667.5],[2615.0,667.5],[2614.0,667.5],[2613.0,667.5],[2612.0,667.5],[2611.5,667.0],[2611.0,666.5],[2610.0,666.5],[2609.5,666.0],[2609.0,665.5],[2608.0,665.5],[2607.0,665.5],[2606.5,666.0],[2606.0,666.5],[2605.0,666.5],[2604.5,667.0],[2604.0,667.5],[2603.0,667.5],[2602.5,668.0],[2602.0,668.5],[2601.5,669.0],[2601.0,669.5],[2600.5,670.0],[2600.0,670.5],[2599.0,670.5],[2598.5,671.0],[2598.0,671.5],[2597.0,671.5],[2596.0,671.5],[2595.5,672.0],[2595.0,672.5],[2594.0,672.5],[2593.0,672.5],[2592.0,672.5],[2591.0,672.5],[2590.0,672.5],[2589.0,672.5],[2588.0,672.5],[2587.0,672.5],[2586.0,672.5],[2585.0,672.5],[2584.0,672.5],[2583.0,672.5],[2582.5,673.0]]","[[243042.69142914,431262.6260376,85.89575386],[243042.69083595,431262.62628174,85.89516163],[243042.69024086,431262.62651825,85.89457035],[243042.68964767,431262.62676239,85.89397907],[243042.68905449,431262.62700653,85.89338779],[243042.6884594,431262.62725067,85.89279652],[243042.68786621,431262.62749481,85.89220619],[243042.68758392,431262.62828827,85.89220524],[243042.68729973,431262.62908173,85.89220428],[243042.68670654,431262.62932587,85.89161301],[243042.68611336,431262.62957001,85.89102268],[243042.68582916,431262.63036346,85.89102173],[243042.68554688,431262.63115692,85.89102173],[243042.68526268,431262.63195038,85.89102077],[243042.68498039,431262.63274384,85.89101982],[243042.6846962,431262.63353729,85.89101887],[243042.684412,431262.63433838,85.89101791],[243042.68412971,431262.63513184,85.89101791],[243042.68443871,431262.63568115,85.89160728],[243042.6847477,431262.63623047,85.89219761],[243042.6844635,431262.63702393,85.89219665],[243042.68417931,431262.63782501,85.8921957],[243042.6844883,431262.63837433,85.89278507],[243042.68479729,431262.63892365,85.8933754],[243042.68451309,431262.63972473,85.8933754],[243042.68482399,431262.64027405,85.89396572],[243042.68513298,431262.64083099,85.89455605],[243042.68484879,431262.64162445,85.89455509],[243042.68456459,431262.64241791,85.89455414],[243042.6842823,431262.64321136,85.89455414],[243042.68399811,431262.64400482,85.89455318],[243042.68371391,431262.64480591,85.89455223],[243042.68342972,431262.64559937,85.89455128],[243042.68314552,431262.64639282,85.89455032],[243042.68286324,431262.64718628,85.89455032],[243042.68257904,431262.64797974,85.89454937],[243042.68229485,431262.64877319,85.89454842],[243042.68170166,431262.64901733,85.89395714],[243042.68111038,431262.64925385,85.89336586],[243042.68082619,431262.6500473,85.89336491],[243042.68054199,431262.65084839,85.89336395],[243042.6802578,431262.65164185,85.893363],[243042.6799736,431262.6524353,85.89336204],[243042.67969131,431262.65322876,85.89336204],[243042.67940712,431262.65402222,85.89336109],[243042.67912292,431262.65481567,85.89336014],[243042.67884064,431262.65560913,85.89335918],[243042.67824745,431262.65585327,85.89276886],[243042.67765617,431262.65608978,85.89217758],[243042.67737198,431262.65688324,85.89217663],[243042.67708778,431262.6576767,85.89217567],[243042.6768055,431262.65847015,85.89217472],[243042.6765213,431262.65927124,85.89217472],[243042.67623711,431262.6600647,85.89217377],[243042.67595482,431262.66085815,85.89217281],[243042.67567062,431262.66165161,85.89217186],[243042.67538643,431262.66244507,85.89217091],[243042.67510414,431262.66323853,85.89217091],[243042.67481995,431262.66403198,85.89216995],[243042.67453575,431262.66482544,85.892169],[243042.67394447,431262.66506195,85.89157772],[243042.6733532,431262.66530609,85.8909874],[243042.67307091,431262.66609955,85.8909874],[243042.67278671,431262.66689301,85.89098644],[243042.67219734,431262.66712952,85.89039612],[243042.67160606,431262.66736603,85.88980579],[243042.67132187,431262.66815948,85.88980484],[243042.67103958,431262.66895294,85.88980389],[243042.6704483,431262.66918945,85.88921452],[243042.66985893,431262.66942596,85.88862419],[243042.66957474,431262.67021942,85.88862324],[243042.66929245,431262.67101288,85.88862324],[243042.66870308,431262.67124939,85.88803387],[243042.6681118,431262.6714859,85.88744354],[243042.66782951,431262.67227936,85.88744354],[243042.66754723,431262.67307281,85.88744259],[243042.66726303,431262.67386627,85.88744163],[243042.66667366,431262.67410278,85.88685226],[243042.66608429,431262.67433929,85.88626289],[243042.665802,431262.67513275,85.88626289],[243042.66551781,431262.67592621,85.88626194],[243042.66523552,431262.67671967,85.88626099],[243042.66464615,431262.67694855,85.88567257],[243042.66405678,431262.67718506,85.8850832],[243042.66377449,431262.67797852,85.88508224],[243042.6634903,431262.67877197,85.88508224],[243042.66290283,431262.67900848,85.88449287],[243042.66231537,431262.679245,85.88390541],[243042.66203117,431262.68003845,85.88390446],[243042.66174889,431262.68082428,85.8839035],[243042.66146469,431262.68161774,85.88390255],[243042.6611824,431262.68241119,85.8839016],[243042.66148758,431262.68296814,85.88448906],[243042.66179276,431262.68353271,85.88507748],[243042.66151047,431262.68432617,85.88507652],[243042.66181564,431262.68488312,85.88566399],[243042.66211891,431262.68544006,85.8862524],[243042.66183662,431262.68623352,85.88625145],[243042.66155243,431262.68702698,85.8862505],[243042.66096497,431262.68726349,85.88566208],[243042.6603775,431262.68749237,85.88507366],[243042.66009331,431262.68828583,85.88507271],[243042.65950584,431262.68852234,85.88448429],[243042.65891838,431262.68875122,85.88389587],[243042.65863609,431262.68954468,85.88389492],[243042.65804863,431262.68978119,85.8833065],[243042.65746117,431262.69001007,85.88271904],[243042.6568737,431262.69024658,85.88213062],[243042.65628624,431262.69047546,85.88154316],[243042.65570068,431262.69071198,85.8809557],[243042.65511322,431262.69094849,85.88036919],[243042.65483093,431262.69173431,85.88036823],[243042.65424538,431262.69197083,85.87978077],[243042.65365791,431262.69219971,85.87919426],[243042.65337563,431262.69299316,85.87919331],[243042.65309334,431262.69378662,85.87919235],[243042.65250778,431262.6940155,85.87860584],[243042.65192223,431262.69425201,85.87801933],[243042.65163994,431262.69503784,85.87801838],[243042.65135574,431262.6958313,85.87801743],[243042.65107346,431262.69662476,85.87801647],[243042.65079117,431262.69741821,85.87801647],[243042.65050888,431262.69820404,85.87801552],[243042.65022659,431262.6989975,85.87801456],[243042.64994431,431262.69979095,85.87801361],[243042.64966202,431262.70058441,85.87801361],[243042.64937782,431262.70137024,85.87801266],[243042.64909554,431262.7021637,85.8780117],[243042.64881325,431262.70295715,85.87801075],[243042.64853096,431262.70374298,85.8780098],[243042.6479454,431262.70397949,85.87742329]]",dji_pose_mesh_ray_contour_nodes,
6,6,1,CRC,2533.8203,666.922,2508,661,2555,673,47,12,295,243042.63957024,431262.74456787,85.88452053,dji_pose_mesh_ray_centroid,True,True,1113236,3.325148,warp,,2533.8203,666.922,1,1,1.0,1,3.325148,3.325148,40,40,1.0,"[[2508.0,669.5],[2508.5,669.0],[2509.0,668.5],[2510.0,668.5],[2511.0,668.5],[2512.0,668.5],[2513.0,668.5],[2513.5,668.0],[2514.0,667.5],[2515.0,667.5],[2515.5,667.0],[2516.0,666.5],[2517.0,666.5],[2518.0,666.5],[2519.0,666.5],[2520.0,666.5],[2521.0,666.5],[2522.0,666.5],[2522.5,666.0],[2523.0,665.5],[2524.0,665.5],[2525.0,665.5],[2525.5,665.0],[2526.0,664.5],[2527.0,664.5],[2528.0,664.5],[2529.0,664.5],[2530.0,664.5],[2531.0,664.5],[2531.5,664.0],[2532.0,663.5],[2533.0,663.5],[2533.5,663.0],[2534.0,662.5],[2535.0,662.5],[2536.0,662.5],[2536.5,662.0],[2537.0,661.5],[2538.0,661.5],[2538.5,661.0]]","[[243042.62998581,431262.76413727,85.88147163],[243042.63056755,431262.76391602,85.8820591],[243042.6311512,431262.76369476,85.88264656],[243042.63143539,431262.76290131,85.88264751],[243042.63171768,431262.76210785,85.88264847],[243042.63199997,431262.76131439,85.88264847],[243042.63228226,431262.76052094,85.88264942],[243042.63286591,431262.76029968,85.88323784],[243042.63344955,431262.76007843,85.8838253],[243042.63373184,431262.75928497,85.88382626],[243042.6343174,431262.75906372,85.88441467],[243042.63490105,431262.75884247,85.88500309],[243042.63518333,431262.75804901,85.88500404],[243042.63546753,431262.75725555,85.885005],[243042.63574982,431262.7564621,85.885005],[243042.6360321,431262.75566864,85.88500595],[243042.6363163,431262.75487518,85.8850069],[243042.63659859,431262.75408173,85.88500786],[243042.63718414,431262.75386047,85.88559627],[243042.63776779,431262.75363922,85.88618565],[243042.63805199,431262.75284576,85.8861866],[243042.63833427,431262.75205231,85.8861866],[243042.63891983,431262.75183105,85.88677597],[243042.63950348,431262.75160217,85.88736534],[243042.63978767,431262.75080872,85.88736534],[243042.64006996,431262.75001526,85.88736629],[243042.64035416,431262.7492218,85.88736725],[243042.64063644,431262.74842834,85.8873682],[243042.64092064,431262.74763489,85.88736916],[243042.6415062,431262.74741364,85.88795853],[243042.64209175,431262.74718475,85.8885479],[243042.64237404,431262.7463913,85.88854885],[243042.64295959,431262.74617004,85.88913822],[243042.64354706,431262.74594116,85.88972855],[243042.64382935,431262.74514771,85.88972855],[243042.64411354,431262.74435425,85.8897295],[243042.6446991,431262.744133,85.89031982],[243042.64528656,431262.74390411,85.89091015],[243042.64556885,431262.74311066,85.8909111],[243042.64615631,431262.7428894,85.89150143]]",dji_pose_mesh_ray_contour_nodes,
7,7,1,CRC,4774.9569,700.4441,4730,690,4823,712,93,22,626,243043.19221497,431260.98045349,85.83300877,dji_pose_mesh_ray_centroid,True,True,1112927,3.688756,warp,,4774.9569,700.4441,1,1,1.0,1,3.688756,3.688756,99,99,1.0,"[[4822.0,700.5],[4821.0,700.5],[4820.0,700.5],[4819.0,700.5],[4818.0,700.5],[4817.5,700.0],[4817.0,699.5],[4816.0,699.5],[4815.0,699.5],[4814.0,699.5],[4813.5,699.0],[4813.0,698.5],[4812.0,698.5],[4811.5,698.0],[4811.0,697.5],[4810.0,697.5],[4809.0,697.5],[4808.5,697.0],[4808.0,696.5],[4807.0,696.5],[4806.0,696.5],[4805.0,696.5],[4804.0,696.5],[4803.0,696.5],[4802.5,696.0],[4802.0,695.5],[4801.0,695.5],[4800.0,695.5],[4799.0,695.5],[4798.0,695.5],[4797.5,695.0],[4797.0,694.5],[4796.5,695.0],[4796.0,695.5],[4795.0,695.5],[4794.0,695.5],[4793.0,695.5],[4792.0,695.5],[4791.5,696.0],[4791.0,696.5],[4790.5,697.0],[4790.0,697.5],[4789.0,697.5],[4788.5,698.0],[4788.0,698.5],[4787.5,699.0],[4787.0,699.5],[4786.0,699.5],[4785.0,699.5],[4784.5,700.0],[4784.0,700.5],[4783.5,701.0],[4783.5,702.0],[4783.0,702.5],[4782.5,703.0],[4782.0,703.5],[4781.0,703.5],[4780.0,703.5],[4779.0,703.5],[4778.0,703.5],[4777.0,703.5],[4776.0,703.5],[4775.5,704.0],[4775.0,704.5],[4774.0,704.5],[4773.0,704.5],[4772.5,705.0],[4772.0,705.5],[4771.0,705.5],[4770.0,705.5],[4769.5,706.0],[4769.0,706.5],[4768.0,706.5],[4767.0,706.5],[4766.0,706.5],[4765.0,706.5],[4764.0,706.5],[4763.5,707.0],[4763.0,707.5],[4762.0,707.5],[4761.0,707.5],[4760.0,707.5],[4759.0,707.5],[4758.0,707.5],[4757.5,708.0],[4757.0,708.5],[4756.0,708.5],[4755.5,709.0],[4755.0,709.5],[4754.0,709.5],[4753.0,709.5],[4752.5,710.0],[4752.0,710.5],[4751.0,710.5],[4750.0,710.5],[4749.0,710.5],[4748.0,710.5],[4747.0,710.5],[4746.5,711.0]]","[[243043.20231819,431260.94447327,85.8321104],[243043.20210266,431260.94524384,85.83212852],[243043.20188713,431260.94600677,85.83214569],[243043.2016716,431260.94676971,85.83216381],[243043.20145607,431260.94753265,85.83218193],[243043.20174599,431260.94783783,85.83272266],[243043.20203781,431260.94814301,85.8332634],[243043.20182228,431260.94891357,85.83328152],[243043.20160675,431260.94967651,85.83329868],[243043.20139122,431260.95043945,85.8333168],[243043.20168304,431260.95074463,85.83385754],[243043.20197487,431260.9510498,85.83439922],[243043.20175934,431260.95182037,85.83441639],[243043.20205116,431260.95212555,85.83495808],[243043.20234299,431260.95243073,85.83549976],[243043.20212555,431260.95319366,85.83551693],[243043.20191193,431260.95396423,85.83553505],[243043.20220184,431260.95426941,85.83607674],[243043.20249557,431260.95457458,85.83661842],[243043.20227814,431260.95533752,85.83663654],[243043.20206261,431260.95610809,85.83665466],[243043.20184708,431260.95687103,85.83667183],[243043.20163155,431260.95763397,85.83668995],[243043.20141602,431260.95840454,85.83670807],[243043.20170784,431260.95870972,85.83724976],[243043.20199966,431260.95901489,85.8377924],[243043.20178413,431260.95978546,85.83781052],[243043.2015686,431260.9605484,85.83782768],[243043.20135117,431260.96131134,85.8378458],[243043.20113564,431260.96208191,85.83786392],[243043.20142746,431260.96238708,85.83840656],[243043.20171928,431260.96269989,85.83894825],[243043.20121193,431260.96315765,85.83842373],[243043.20070457,431260.96361542,85.83790016],[243043.20048904,431260.96437836,85.83791733],[243043.20027161,431260.9651413,85.83793545],[243043.20005608,431260.96591187,85.83795357],[243043.19984055,431260.9666748,85.83797169],[243043.19933319,431260.96713257,85.83744717],[243043.19882584,431260.96759033,85.8369236],[243043.19831848,431260.9680481,85.83639908],[243043.19781113,431260.96850586,85.83587551],[243043.1975956,431260.9692688,85.83589363],[243043.19708824,431260.96972656,85.83536911],[243043.19658089,431260.97018433,85.83484554],[243043.19607353,431260.97063446,85.83432198],[243043.19556808,431260.97109222,85.83379936],[243043.19535065,431260.97186279,85.83381653],[243043.19513512,431260.97262573,85.83383465],[243043.19462967,431260.9730835,85.83331108],[243043.19412231,431260.97353363,85.83278751],[243043.19361687,431260.97399139,85.8322649],[243043.1928196,431260.97413635,85.8312006],[243043.19231415,431260.97459412,85.83067799],[243043.19180679,431260.97505188,85.83015537],[243043.19130135,431260.97550964,85.82963276],[243043.19108582,431260.97627258,85.82965088],[243043.19087029,431260.97703552,85.82966804],[243043.19065475,431260.97779846,85.82968616],[243043.19043732,431260.97856903,85.82970428],[243043.19022179,431260.97933197,85.82972145],[243043.19000626,431260.98009491,85.82973957],[243043.18950081,431260.98055267,85.82921696],[243043.18899536,431260.98100281,85.82869434],[243043.18877983,431260.98177338,85.82871246],[243043.1885643,431260.98253632,85.82873058],[243043.18805885,431260.98298645,85.82820797],[243043.18755341,431260.98344421,85.82768536],[243043.18733788,431260.98420715,85.82770348],[243043.18712234,431260.98497009,85.8277216],[243043.1866169,431260.98542786,85.82719898],[243043.18611145,431260.98587799,85.82667732],[243043.18589592,431260.98664856,85.82669449],[243043.18568039,431260.9874115,85.82671261],[243043.18546486,431260.98817444,85.82672977],[243043.18524933,431260.98893738,85.82674789],[243043.1850338,431260.98970795,85.82676601],[243043.18452835,431260.99015808,85.8262434],[243043.1840229,431260.99061584,85.82572174],[243043.18380737,431260.99137878,85.82573891],[243043.18359184,431260.99214172,85.82575703],[243043.18337631,431260.99290466,85.82577515],[243043.18316078,431260.9936676,85.82579231],[243043.18294525,431260.99443817,85.82581043],[243043.1824398,431260.99488831,85.82528877],[243043.18193626,431260.99533844,85.82476711],[243043.18172073,431260.99610901,85.82478428],[243043.18121529,431260.99655914,85.82426262],[243043.18070984,431260.99700928,85.82374096],[243043.18049431,431260.99777985,85.82375908],[243043.18027878,431260.99854279,85.82377624],[243043.17977524,431260.99899292,85.82325554],[243043.1792717,431260.99944305,85.82273388],[243043.17905617,431261.00020599,85.822752],[243043.17884064,431261.00097656,85.82276916],[243043.17862511,431261.0017395,85.82278728],[243043.17840767,431261.00250244,85.82280445],[243043.17819214,431261.00326538,85.82282257],[243043.1776886,431261.00372314,85.82230091]]",dji_pose_mesh_ray_contour_nodes,
8,8,1,CRC,4895.75,698.625,4892,697,4901,701,9,4,24,243043.21969604,431260.88787079,85.83278942,dji_pose_mesh_ray_centroid,True,True,1112927,3.731516,warp,,4895.75,698.625,1,1,1.0,1,3.731516,3.731516,7,7,1.0,"[[4895.5,697.0],[4896.0,697.5],[4897.0,697.5],[4898.0,697.5],[4899.0,697.5],[4899.5,698.0],[4900.0,698.5]]","[[243043.22094536,431260.88779449,85.83452129],[243043.22065163,431260.88749695,85.83398056],[243043.22086525,431260.88673401,85.83396339],[243043.22108078,431260.88597107,85.83394527],[243043.22129631,431260.88520813,85.83392811],[243043.22100258,431260.88491058,85.83338737],[243043.22070885,431260.88461304,85.83284664]]",dji_pose_mesh_ray_contour_nodes,
9,9,1,CRC,4958.0,727.0,4957,727,4960,728,3,1,3,243043.21049118,431260.84540558,85.80178833,dji_pose_mesh_ray_centroid,True,True,1112970,3.722761,warp,,4958.0,727.0,1,1,1.0,1,3.722761,3.722761,3,3,1.0,"[[4957.0,727.0],[4958.0,727.0],[4959.0,727.0]]","[[243043.21027374,431260.84616089,85.80180454],[243043.21049118,431260.84540558,85.80178833],[243043.21070671,431260.84465027,85.80177212]]",dji_pose_mesh_ray_contour_nodes,
10,10,1,CRC,5000.0952,737.8254,4992,735,5010,742,18,7,63,243043.210989,431260.81552887,85.78979111,dji_pose_mesh_ray_centroid,True,True,1112970,3.726243,warp,,5000.0952,737.8254,1,1,1.0,1,3.726243,3.726243,18,18,1.0,"[[5004.5,741.0],[5004.0,740.5],[5003.0,740.5],[5002.0,740.5],[5001.0,740.5],[5000.5,740.0],[5000.0,739.5],[4999.0,739.5],[4998.0,739.5],[4997.0,739.5],[4996.5,739.0],[4996.0,738.5],[4995.0,738.5],[4994.0,738.5],[4993.5,738.0],[4993.0,737.5],[4992.5,737.0],[4992.0,736.5]]","[[243043.2096386,431260.81273651,85.78647613],[243043.20988846,431260.81303406,85.78699398],[243043.20962524,431260.813797,85.78699684],[243043.20936584,431260.81455994,85.7869997],[243043.20910263,431260.81532288,85.78700161],[243043.20935249,431260.81562042,85.78751945],[243043.2096405,431260.81591034,85.78804779],[243043.20942307,431260.81665802,85.788064],[243043.20920753,431260.81741333,85.78807926],[243043.208992,431260.81816864,85.78809547],[243043.20928001,431260.81845856,85.78862476],[243043.20956802,431260.81874084,85.7891531],[243043.20935249,431260.81949615,85.78916931],[243043.20913696,431260.82025146,85.78918552],[243043.20942688,431260.82053375,85.78971481],[243043.20971489,431260.82082367,85.7902441],[243043.2100029,431260.82111359,85.79077339],[243043.21029282,431260.82139587,85.79130363]]",dji_pose_mesh_ray_contour_nodes,
11,11,1,CRC,5023.5758,740.2424,5020,738,5029,743,9,5,33,243043.21520996,431260.79802704,85.7872057,dji_pose_mesh_ray_centroid,True,True,285936,3.733291,warp,,5023.5758,740.2424,1,1,1.0,1,3.733291,3.733291,8,8,1.0,"[[5023.5,738.0],[5024.0,738.5],[5025.0,738.5],[5026.0,738.5],[5026.5,739.0],[5027.0,739.5],[5027.5,740.0],[5028.0,740.5]]","[[243043.21689987,431260.79769135,85.78952122],[243043.21665001,431260.7973938,85.78900337],[243043.21691132,431260.79663086,85.78900051],[243043.21717453,431260.79586792,85.7889986],[243043.21692276,431260.795578,85.78848076],[243043.2166729,431260.79528046,85.78796291],[243043.21642303,431260.79499054,85.78744507],[243043.21617126,431260.79469299,85.78692818]]",dji_pose_mesh_ray_contour_nodes,
12,12,1,CRC,5050.5,746.0,5050,746,5052,747,2,1,2,243043.2178669,431260.77850342,85.7811985,dji_pose_mesh_ray_centroid,True,True,285936,3.738484,warp,,5050.5,746.0,1,1,1.0,1,3.738484,3.738484,2,2,1.0,"[[5050.0,746.0],[5051.0,746.0]]","[[243043.2177372,431260.77888489,85.78119945],[243043.2179985,431260.77812195,85.78119755]]",dji_pose_mesh_ray_contour_nodes,
13,13,1,CRC,1942.6007,774.4366,1924,770,1968,784,44,14,268,243042.39900208,431263.17047882,85.76669407,dji_pose_mesh_ray_centroid,True,True,1113366,3.256583,warp,,1942.6007,774.4366,1,1,1.0,1,3.256583,3.256583,58,58,1.0,"[[1967.0,772.5],[1966.0,772.5],[1965.0,772.5],[1964.5,773.0],[1964.0,773.5],[1963.0,773.5],[1962.0,773.5],[1961.5,774.0],[1961.0,774.5],[1960.0,774.5],[1959.0,774.5],[1958.0,774.5],[1957.0,774.5],[1956.0,774.5],[1955.0,774.5],[1954.0,774.5],[1953.0,774.5],[1952.0,774.5],[1951.0,774.5],[1950.5,775.0],[1950.0,775.5],[1949.0,775.5],[1948.5,776.0],[1948.0,776.5],[1947.0,776.5],[1946.0,776.5],[1945.5,777.0],[1945.0,777.5],[1944.0,777.5],[1943.0,777.5],[1942.5,778.0],[1942.0,778.5],[1941.0,778.5],[1940.0,778.5],[1939.0,778.5],[1938.0,778.5],[1937.0,778.5],[1936.0,778.5],[1935.5,778.0],[1935.0,777.5],[1934.0,777.5],[1933.5,777.0],[1933.5,776.0],[1933.0,775.5],[1932.0,775.5],[1931.5,776.0],[1931.5,777.0],[1932.0,777.5],[1932.5,778.0],[1932.5,779.0],[1932.5,780.0],[1932.0,780.5],[1931.5,781.0],[1931.0,781.5],[1930.5,782.0],[1930.0,782.5],[1929.0,782.5],[1928.5,783.0]]","[[243042.40725327,431263.15254974,85.76885986],[243042.40697861,431263.15332031,85.76885891],[243042.40670204,431263.15409088,85.76885891],[243042.40616798,431263.1542511,85.76830292],[243042.40563393,431263.15441132,85.76774788],[243042.40535927,431263.15518188,85.76774692],[243042.4050827,431263.15595245,85.76774597],[243042.40454865,431263.15611267,85.76719093],[243042.40401459,431263.15626526,85.76663589],[243042.40373993,431263.15703583,85.76663494],[243042.40346527,431263.1578064,85.76663494],[243042.40319061,431263.15857697,85.76663399],[243042.40291405,431263.15935516,85.76663303],[243042.40263939,431263.16012573,85.76663303],[243042.40236473,431263.1608963,85.76663208],[243042.40209007,431263.16166687,85.76663113],[243042.40181351,431263.16243744,85.76663113],[243042.40153885,431263.16320801,85.76663017],[243042.40126419,431263.16397858,85.76662922],[243042.40073013,431263.16413116,85.76607418],[243042.40019608,431263.16429138,85.7655201],[243042.39992142,431263.16506195,85.76551914],[243042.39938927,431263.16522217,85.76496506],[243042.39885712,431263.16537476,85.76441002],[243042.39858055,431263.16614532,85.76440906],[243042.39830589,431263.16691589,85.76440906],[243042.39777374,431263.16707611,85.76385498],[243042.39724159,431263.1672287,85.7633009],[243042.39696693,431263.16799927,85.76329994],[243042.39669037,431263.16876984,85.76329899],[243042.39615822,431263.16893005,85.7627449],[243042.39562798,431263.16908264,85.76219177],[243042.39535332,431263.16985321,85.76219082],[243042.39507675,431263.17062378,85.76218986],[243042.39480209,431263.17139435,85.76218986],[243042.39452744,431263.17216492,85.76218891],[243042.39425278,431263.17293549,85.76218796],[243042.39397812,431263.17370605,85.76218796],[243042.39423561,431263.17431641,85.76274013],[243042.3944912,431263.17493439,85.76329422],[243042.39421654,431263.17570496,85.76329327],[243042.39447403,431263.17631531,85.7638464],[243042.39526367,431263.1767807,85.76495457],[243042.39552116,431263.17739105,85.76550865],[243042.3952446,431263.17816162,85.7655077],[243042.39471245,431263.17832184,85.76495361],[243042.39392471,431263.17785645,85.76384544],[243042.39366722,431263.17724609,85.76329231],[243042.39340973,431263.17662811,85.76273823],[243042.39262199,431263.17617035,85.76163197],[243042.39183426,431263.17571259,85.7605257],[243042.39130211,431263.17586517,85.75997257],[243042.39077187,431263.17601776,85.75941944],[243042.39024162,431263.17617798,85.75886726],[243042.38971138,431263.17633057,85.75831413],[243042.38917923,431263.17648315,85.75776195],[243042.38890648,431263.17725372,85.757761],[243042.38837624,431263.17740631,85.75720882]]",dji_pose_mesh_ray_contour_nodes,
